{
  "Position": {
    "x": -9.973793,
    "y": 4.38970137,
    "z": 20.4437561
  },
  "Rotation": {
    "x": 64.16707,
    "y": 359.504639,
    "z": 0
  },
  "Distance": 140,
  "Zoomed": true
}