{
  "x": 104.304878,
  "y": 6.358864,
  "z": 14.6542816
}